<?xml version="1.0" encoding="UTF-8"?>
<tns:projectTemplate xmlns:tns="http://fdt.powerflasher.com/ProjectTemplate"
	xmlns:xsi="http://www.w3.org/2001/XMLSchema-instance"
	xsi:schemaLocation="http://fdt.powerflasher.com/ProjectTemplate ../../projectTemplate.xsd">
	<name>Progression4 Project</name>
	<description>
===================================================
Progression 4.0.22 プロジェクトテンプレート
===================================================

Template created  by "itoz" (http://www.romatica.com/)
http://progression.jp/
http://fdt.jp/

</description>
	<projectType>Progression</projectType>
	<folders>
		<sourceFolder>src</sourceFolder>
		<outputFolder>bin-debug</outputFolder>
	</folders>
	<libraries>
		<swc>
			<path>lib/Progression4.swc</path>
			<asDoc>http://asdoc.progression.jp/4.0/</asDoc>
			<source></source>
		</swc>
	</libraries>
</tns:projectTemplate>
